{"product_key_enc": 649.6743774414062, "sucursal_enc": 1549.8468017578125, "mes_sin": 212.89718627929688, "mes_cos": 298.1316833496094, "dow_sin": 81.8396987915039, "demanda": 204.89187622070312, "n_tx": 76.26405334472656, "lag_1": 46.39472961425781, "lag_14": 84.277587890625, "ma_7": 1285.0772705078125, "ma_14": 20783.552734375, "stock_inicial_dia": 881.238037109375, "cobertura_dias": 329.2187194824219, "rotacion": 617.1492919921875, "media_dia_semana_hist": 1219.756591796875, "share_producto_suc": 1928.905029296875}